{
  "adobe photoshop": 0.211379691142702,
  "api testing": 0.3855808164910867,
  "aveva e3dpdms": 0.4607618012585671,
  "c# .net": 0.45706322634927865,
  "cad modeling": 0.38496730880471175,
  "cicd pipelines": 0.28149485529983015,
  "circuit analysis": 1.0,
  "cms management": 0.26617469193149756,
  "command line": 0.13484898946519663,
  "data entry": 0.4289645743133098,
  "data visualization": 0.4876159091307473,
  "debugging": 0.032971655944889704,
  "design patterns": 0.5647601184946276,
  "docker": 0.5325246717733879,
  "git": 0.42933267892513466,
  "google analytics": 0.6269873266840786,
  "htmlcss": 0.4220932882259111,
  "llm finetuning": 0.4389559852057005,
  "microsoft excel": 0.2294168171221232,
  "plant data modeling": 0.5021297481112728,
  "pml": 0.8411540956020264,
  "power bi": 0.9079212606706516,
  "seo fundamentals": 0.2909604024610425,
  "swift": 0.03887885852512752,
  "terraform": 0.0,
  "unit testing": 0.6054269137057618,
  "xcode ide": 0.4410769689214535
}